epoch,train_loss,train_acc,val_loss,val_acc,val_f1,lr,sec
1,1.7156557340219796,0.4161803463855422,1.2668466275867662,0.5545263157894736,0.487356405241522,0.000499229333433282,38.96136116981506
2,1.5020751716142677,0.5555817018072289,1.1705554717716418,0.5987368421052631,0.5363751657760042,0.0004969220851487844,36.06942057609558
3,1.4255839155380985,0.6083396084337349,1.0728906338842292,0.6185263157894737,0.5540637546962071,0.0004930924800994191,38.70666813850403
4,1.3819382118891521,0.6392131024096386,1.0008110584459806,0.6703157894736842,0.6108925574312603,0.00048776412907378835,36.93647742271423
5,1.3533660166234855,0.6586502259036144,1.0401766787579185,0.6707368421052632,0.6113405242505584,0.0004809698831278216,39.48707032203674
6,1.316156095769032,0.6808170180722891,1.0128574885318153,0.6682105263157895,0.5922618742905716,0.0004727516310470919,38.95212197303772
7,1.2853783067450466,0.693335843373494,1.086049020516245,0.6463157894736842,0.5759700797805142,0.000463160041088523,36.33686637878418
8,1.2583926747362297,0.7102315512048193,1.0228874864076314,0.6808421052631579,0.6171709622785212,0.0004522542485937368,37.27565145492554
9,1.2324390486780419,0.7222797439759037,0.9708120325490048,0.6926315789473684,0.6406450365097044,0.0004401014914000077,38.45711636543274
10,1.2120411715593682,0.7373870481927711,0.952120671422858,0.6985263157894737,0.635519840471852,0.0004267766952966368,40.36688470840454
11,1.1820262763873641,0.7551769578313253,0.9780635691191021,0.7107368421052631,0.6568307064261436,0.0004123620120825459,36.732861280441284
12,1.1587520238146725,0.7661426957831325,0.9486114796588295,0.7187368421052631,0.6803007656754856,0.00039694631307311823,39.509610176086426
13,1.1374368455754704,0.7802146084337349,0.9442731961702046,0.7069473684210527,0.6528026885708563,0.0003806246411789871,38.79897999763489
14,1.1062947622982853,0.7934393825301205,0.9466804878837184,0.7141052631578947,0.6545148495674288,0.0003634976249348866,36.997626543045044
15,1.0887732197003193,0.8020519578313253,0.9671899162593641,0.7006315789473684,0.6440204315814532,0.00034567085809127237,39.14642310142517
16,1.0525013851114067,0.8255365210843374,0.9841283508601941,0.704,0.6445792851635411,0.0003272542485937368,36.61749863624573
17,1.0343842998326542,0.8343844126506024,0.9544022879349559,0.7149473684210527,0.6732623215264422,0.00030836134096397634,38.72049641609192
18,1.006580223520118,0.8520801957831325,0.969972212691056,0.72,0.6829063836356185,0.0002891086162600577,37.217069149017334
19,0.9837238946592951,0.8650225903614458,0.9949721397098742,0.7098947368421052,0.6537690664298207,0.0002696147739319612,39.84602069854736
20,0.9551460215126175,0.8826713102409639,0.9965444861462242,0.7107368421052631,0.6603044437235067,0.00024999999999999995,38.35442781448364
21,0.9280855695167219,0.8945783132530121,0.9915389852523804,0.7157894736842105,0.6597925918214051,0.00023038522606803874,36.707985401153564
22,0.9159253774637199,0.9065794427710844,1.0003470902191964,0.728,0.6831780052463642,0.0002108913837399423,38.93986415863037
23,0.8890000768454678,0.9197571536144579,0.987290182966935,0.7288421052631578,0.6735675646567459,0.0001916386590360236,38.26305603981018
24,0.8759313448365912,0.9270048945783133,1.0005374194195396,0.712421052631579,0.6647022693807917,0.0001727457514062631,39.27436685562134
25,0.8595511130539768,0.9369352409638554,0.9978037163583856,0.7330526315789474,0.6838270364860198,0.00015432914190872753,36.61732220649719
26,0.8455104070255556,0.9454066265060241,1.0241175909544293,0.7191578947368421,0.665309997716798,0.00013650237506511326,40.27779483795166
27,0.8352476591805378,0.9483245481927711,0.9844335114328485,0.7334736842105263,0.6778219184109129,0.00011937535882101275,37.38990235328674
28,0.8241644896656634,0.9573136295180723,1.0087167186235126,0.7296842105263158,0.6637974619058798,0.0001030536869268817,37.96015906333923
29,0.8116017023482954,0.9615493222891566,0.9942346748050891,0.7338947368421053,0.6806879836275104,8.763798791745408e-05,39.15628719329834
30,0.8086520842759006,0.9633847891566265,0.9983947161624306,0.7330526315789474,0.6778127296612424,7.32233047033631e-05,36.475385427474976
31,0.8015728072229639,0.9678557981927711,1.0020213440844887,0.7338947368421053,0.6738492987286051,5.9898508599992235e-05,39.46698474884033
32,0.7990495232214411,0.9696442018072289,1.0087029884237992,0.7338947368421053,0.6722796627697853,4.7745751406263136e-05,37.06343913078308
33,0.7914982542216059,0.9737857680722891,1.0085685274726466,0.7351578947368421,0.678515882927332,3.683995891147693e-05,38.48124098777771
