randomised_up_to,n_stages,method,spearman_mean,spearman_std
fc,1,gradcam,0.23937555431676572,0.5367511231163731
fc,1,gradcam++,0.9366537222909866,0.070939967401232
fc,1,xgradcam,0.23944090909497762,0.5367697443412662
fc,1,layercam,0.9452983664479911,0.06286500466308156
fc,1,scorecam,0.7972163949649788,0.29768053644062187
fc,1,eigencam,1.0,0.0
fc,1,gradcam_tta,0.22503753792325268,0.5458116745338646
fc,1,msf_notta,0.29138873901186557,0.5213877651688643
fc,1,msf,0.31095598470437885,0.5144298747538465
layer4,2,gradcam,-0.02774948531143446,0.28561655474504777
layer4,2,gradcam++,0.06623134528571872,0.2589683685546562
layer4,2,xgradcam,-0.027733871840261406,0.28559550133999545
layer4,2,layercam,0.07131756955467615,0.2612334530172241
layer4,2,scorecam,0.10634860718619657,0.2779260810085948
layer4,2,eigencam,0.21171820934758234,0.3522386189063848
layer4,2,gradcam_tta,-0.009756892850481747,0.34984368507742425
layer4,2,msf_notta,-0.024930673667753055,0.2862633920954966
layer4,2,msf,-0.02764149475100845,0.33918493838592234
layer3,3,gradcam,0.009389589715681747,0.33020245964771366
layer3,3,gradcam++,0.250110492285565,0.25335075003380725
layer3,3,xgradcam,0.009453641094436508,0.3302198428257753
layer3,3,layercam,0.2500792498610784,0.2569898346063426
layer3,3,scorecam,0.26072286204327144,0.27430362043305423
layer3,3,eigencam,0.19036375786870444,0.29646322060053293
layer3,3,gradcam_tta,-0.01239823120111831,0.3327495123358747
layer3,3,msf_notta,0.025700311684813692,0.32306397873260295
layer3,3,msf,0.0008342023268978297,0.32049455966944823
layer2,4,gradcam,0.15372150609394672,0.33368496316013296
layer2,4,gradcam++,0.3178637428301701,0.29639917902522867
layer2,4,xgradcam,0.1537230866849711,0.3336862971406094
layer2,4,layercam,0.3348730211273413,0.287516102559281
layer2,4,scorecam,0.41085449860536055,0.25236377372128616
layer2,4,eigencam,0.15127356900497943,0.3554009908385878
layer2,4,gradcam_tta,0.1425618613092719,0.31893456608828297
layer2,4,msf_notta,0.15335702849756883,0.3115292228188929
layer2,4,msf,0.12795804472667788,0.30863581135462637
layer1,5,gradcam,0.06320067357416166,0.36010324067184435
layer1,5,gradcam++,-0.010912220628204523,0.3817236297479986
layer1,5,xgradcam,0.06320026226801383,0.3601034041472179
layer1,5,layercam,-0.012154131357257682,0.37782263357215035
layer1,5,scorecam,-0.05250313998591966,0.3291066320138683
layer1,5,eigencam,0.2356627582019059,0.37630341547461216
layer1,5,gradcam_tta,0.07953306775052528,0.4004848094164814
layer1,5,msf_notta,0.061885358520592265,0.338781096540651
layer1,5,msf,0.05265313539133469,0.37672342326666974
bn1,6,gradcam,0.07244971680324896,0.374078278110972
bn1,6,gradcam++,-0.0034309455835474325,0.4216050849910236
bn1,6,xgradcam,0.07237095527509606,0.3740627596818036
bn1,6,layercam,-0.00528346814217695,0.4231770203310492
bn1,6,scorecam,-0.029221529926219344,0.3756912262632313
bn1,6,eigencam,0.22196937459169058,0.34106869821539754
bn1,6,gradcam_tta,0.07725574955831507,0.38013672943018395
bn1,6,msf_notta,0.07075514854006942,0.3512710899806414
bn1,6,msf,0.051268055245941795,0.37128696138910333
conv1,7,gradcam,0.0769360292999821,0.3579945240313648
conv1,7,gradcam++,-0.010886708207307748,0.40076924213953274
conv1,7,xgradcam,0.07695940968497801,0.35799824276464887
conv1,7,layercam,-0.007913904764964163,0.4019500660850965
conv1,7,scorecam,-0.020025958475454873,0.3781728224907176
conv1,7,eigencam,0.17778556100687914,0.39317334449934116
conv1,7,gradcam_tta,0.047941623461966884,0.39336637670539465
conv1,7,msf_notta,0.07477789385689158,0.3429825087552505
conv1,7,msf,0.028746342812300176,0.3581318135894707
