subset,method,n,deletion_auc,deletion_auc_std,insertion_auc,insertion_auc_std,average_drop,average_drop_std,increase_conf,increase_conf_std,fres,fres_std,frcr,frcr_std,face_energy,face_energy_std,pointing_hit,pointing_hit_std,ms_per_image,ms_per_image_std
all,eigencam,309,0.27747744120064727,0.1515211808516884,0.7450357759870551,0.1875837783829188,25.705085704789646,26.127843042795263,7.44336569579288,26.290105966925953,0.33754999969383653,0.07814169179133414,1.4999707219637695,0.6212630773574419,0.8701912444386282,0.04374593465237635,0.10032362459546926,0.3009183327400102,12.547765349107268,7.091122647396719
all,gradcam,309,0.2891445936601942,0.13315329842947707,0.7622643961165049,0.17558733593229492,9.749496240902912,19.46958707697966,41.74757281553398,49.39426299169011,0.30807248259439435,0.05016493785569235,1.3019927379736747,0.27007042115544166,0.8400572733200098,0.022663386404316494,0.15210355987055016,0.35970375927329173,2.4800115418665616,1.408446114861878
all,gradcam++,309,0.28330862033333337,0.13144672900700932,0.7627736098705501,0.17173666610701105,8.204420966106797,16.236715522627687,40.1294498381877,49.095547646627935,0.30547162427485564,0.048649764839474884,1.2943880664839125,0.2818290732430249,0.8316410353654411,0.02428632078371011,0.12944983818770225,0.3362416728679325,1.0725688008428778,0.062259605211387604
all,gradcam_tta,309,0.2708563611326861,0.13122353299021905,0.7621146409385113,0.17753649593266643,10.224613491699028,20.549509268146206,40.77669902912621,49.221655837181345,0.31592745442413583,0.048611270224052275,1.3435726768532592,0.3060171749648506,0.8500157064218737,0.02282580274190772,0.16181229773462782,0.3688759035040608,2.0622211752585993,0.07725407932246647
all,layercam,309,0.28299227606472493,0.13143163751977333,0.762423298802589,0.17188663892301007,8.264391141535599,16.282450633942723,40.77669902912621,49.221655837181345,0.3055540773185711,0.048776612988278456,1.2944923124101118,0.2814209445301154,0.8315743638088017,0.02443909548007715,0.12944983818770225,0.3362416728679325,1.1020871813629052,0.037266655019169634
all,msf,309,0.25720182511003237,0.11828483369888472,0.7786564899676375,0.1651976805478295,21.835561540692556,28.06472831706025,19.41747572815534,39.62056831832556,0.37584336333483165,0.051257948121794,1.6311172950055879,0.48546745722232465,0.8907350886215284,0.029526164902505023,0.5048543689320388,0.5007874268634863,2.079749184518956,0.054716192843873634
all,msf_notta,309,0.26721839438511324,0.12000737663015458,0.7811771830744336,0.1636528977566987,23.149722981877023,28.81572621764061,16.828478964401295,37.4725834576511,0.37027393667250386,0.052271374345140544,1.5999518539942605,0.4544615479636758,0.8852716221392734,0.03090802785947654,0.41423948220064727,0.4933892403185022,1.0135737051855784,0.03673724609600065
all,scorecam,309,0.2603580174304207,0.12808573258254477,0.7739012641100323,0.1685382960640885,3.9860692628478964,9.908991026816134,55.016181229773466,49.82843680009514,0.311794748752827,0.05676580608154367,1.3191916888346202,0.3041198844959329,0.8363862930763887,0.024604860297268976,0.1553398058252427,0.3628158691903177,155.15985303712122,2.540340865174265
all,xgradcam,309,0.289144210197411,0.13315250731344724,0.7622645917152103,0.17558734764932543,9.749504856022977,19.46959026647099,41.74757281553398,49.39426299169011,0.3080724807618891,0.05016493551979778,1.3019927332406365,0.2700704274659621,0.8400572692692087,0.022663381558606057,0.15210355987055016,0.35970375927329173,1.0786712362542508,0.059557594264971495
correct,eigencam,285,0.28095487332982455,0.15112349221580046,0.7677604736842105,0.1709084201095652,23.76423290905263,24.666530898220834,7.719298245614035,26.736688399053087,0.3408487168320438,0.0780308329804053,1.5194846827876212,0.6286480350289727,0.8713930688406292,0.04361304620977482,0.10526315789473684,0.30743203338618513,12.532446401858191,7.05975004451662
correct,gradcam,285,0.29256986793333334,0.13432328051446557,0.7841008538245614,0.15725606870238681,7.939164607154386,16.764421149905715,42.10526315789474,49.45964502790267,0.30909775427558966,0.04888849690841642,1.3099981624026444,0.27301791454954194,0.8406691494740938,0.021165687248792194,0.1543859649122807,0.36195389921153687,2.4383122058832063,1.4103297560608625
correct,gradcam++,285,0.28607035902105266,0.13089637634394274,0.7846022234385965,0.15473693064899216,6.69475091974386,13.924389550973835,41.05263157894737,49.27946357279306,0.30678440525866385,0.04741193005843696,1.303773626292341,0.28569931148377575,0.8323250214258829,0.024242926058644174,0.1368421052631579,0.34428512327463145,1.0745960629666662,0.061956080940868644
correct,gradcam_tta,285,0.2736381945438596,0.13193265618410838,0.7836267075087718,0.1592046230843379,8.527125453105263,18.249633988885854,41.40350877192982,49.34210114488082,0.31699229489293007,0.04668113511477499,1.3524775451296307,0.3105562907668289,0.8510048176112928,0.021529561574928493,0.1649122807017544,0.37175413467025215,2.064121705458322,0.07671422916722387
correct,layercam,285,0.28565845933333334,0.13102221995206215,0.7843273890175438,0.15472495529639635,6.764898077314036,14.085450517850779,41.75438596491228,49.40215849683375,0.3068960062244482,0.04744384820216809,1.3040244727248294,0.2851043082241652,0.8322550600035149,0.024340311285237295,0.1368421052631579,0.34428512327463145,1.1029652021276923,0.03719063064028576
correct,msf,285,0.2598787588,0.11847178581680909,0.7995721368070176,0.14641588723593324,19.70802507675088,26.16066227876298,18.94736842105263,39.25737620320883,0.37676844680518434,0.04865559072068866,1.641955524210587,0.49476878466860263,0.8912579373309487,0.027082417354129328,0.5017543859649123,0.5008764248619175,2.081320047210267,0.05507822479639737
correct,msf_notta,285,0.2707900252491228,0.12038583180475736,0.8018937918245614,0.14543663930777384,20.73050770122807,26.77756493084446,16.49122807017544,37.17541346702523,0.3710286768382055,0.04988825654055203,1.6093878744532,0.46161124121450164,0.8852820979921441,0.028442736111622197,0.4070175438596491,0.4921423592862184,1.0140014701996343,0.03723502546473165
correct,scorecam,285,0.26318759059298247,0.1257229765924867,0.7967380878596492,0.14685276640323905,3.381912088842105,8.799018922613731,55.43859649122807,49.7907655700472,0.31333200915863635,0.054124351089628195,1.330622988405909,0.30502014166249125,0.8375191901859484,0.02327079742733023,0.15789473684210525,0.36528368698758484,155.20454408829673,2.5692501952046216
correct,xgradcam,285,0.29256945217894736,0.13432244065566745,0.7841010658947368,0.15725605333925766,7.939175410565263,16.764429284792044,42.10526315789474,49.45964502790267,0.3090977522887682,0.048888493828551774,1.3099981576096897,0.2730179208331335,0.8406691450821726,0.021165683521837217,0.1543859649122807,0.36195389921153687,1.0810078673003107,0.05952893736310109
