method,angry,disgust,fear,happy,sad,surprise
eigencam,1.3085760937315045,2.1471951062752104,1.2296609362688933,2.2677572283818077,1.5558269228896886,1.1658826723098756
gradcam,1.2726101083466501,1.6597434970088536,1.219173003543507,1.8007362362170245,1.3729586649644485,1.2301861910386518
gradcam++,1.3714232219349254,1.7843483280312284,1.279330209385265,1.898649002849621,1.4583902609212418,1.2888231527155096
gradcam_tta,1.2676403068773674,1.7312246965199485,1.2304737264459784,1.8298888587626023,1.390396917514514,1.2451846797249533
layercam,1.3753672120065399,1.7954019654072262,1.2828222240101208,1.8926531409654819,1.4631971870665899,1.2938728932467374
msf,1.4532389900901101,2.283139560165948,1.4138621846112338,2.1619254059993604,1.7376435642736334,1.3492957323247736
msf_notta,1.4686202633019652,2.2751908417317304,1.4211640631068838,2.1696443559219425,1.7441456561802713,1.343257689042525
scorecam,1.3714024537982363,2.2816277991312566,1.3289406694065442,2.193525451394909,1.491901278106116,1.3103275604248048
xgradcam,1.2726101499615292,1.659743876492793,1.219172994440252,1.8007361719775934,1.3729586649644485,1.2301859774156052
