method,vs,metric,n,median_diff,p_value
eigencam,gradcam,deletion_auc,309,0.0004883199999999865,0.5323388528154664
eigencam,gradcam,insertion_auc,309,-0.0020783999999999248,7.904686429146981e-08
eigencam,gradcam,average_drop,309,11.6752545,8.329371466014167e-49
eigencam,gradcam,fres,309,0.012457430362701416,4.645233168848573e-13
eigencam,gradcam,frcr,309,0.04749551042628486,6.477513439736167e-14
eigencam,gradcam,face_energy,309,0.009721517562866433,2.0514299615174125e-52
gradcam++,gradcam,deletion_auc,309,-0.00032499999999999196,0.42924141901103696
gradcam++,gradcam,insertion_auc,309,0.0003020400000000034,0.04571490270143063
gradcam++,gradcam,average_drop,309,-1.0139890000000005,4.975430118516832e-32
gradcam++,gradcam,fres,309,-0.005778133869171087,1.3306974580274757e-39
gradcam++,gradcam,frcr,309,-0.022406463154626577,3.1626821424631916e-39
gradcam++,gradcam,face_energy,309,-0.007206916809082031,5.981865611869053e-51
gradcam_tta,gradcam,deletion_auc,309,-0.0015962099999999868,2.2733263818136805e-05
gradcam_tta,gradcam,insertion_auc,309,0.0002123000000000541,0.8508767035511355
gradcam_tta,gradcam,average_drop,309,-0.6131460000000004,1.2738101910642533e-08
gradcam_tta,gradcam,fres,309,-0.00027942657470697574,0.3262617503335248
gradcam_tta,gradcam,frcr,309,-0.001353496204723026,0.3637782762145211
gradcam_tta,gradcam,face_energy,309,0.00011217594146717413,0.007032483385781368
layercam,gradcam,deletion_auc,309,0.017461840000000006,1.2321171835738455e-26
layercam,gradcam,insertion_auc,309,-0.004657159999999938,8.175171195077257e-16
layercam,gradcam,average_drop,309,21.902121,1.042458737966919e-49
layercam,gradcam,fres,309,-0.03628981113433838,1.547811727748033e-10
layercam,gradcam,frcr,309,-0.12694229125976553,5.1252844377432666e-08
layercam,gradcam,face_energy,309,0.0017609596252442516,2.1964841105072777e-17
msf,gradcam,deletion_auc,309,-0.0052541700000000024,3.401954547748275e-14
msf,gradcam,insertion_auc,309,0.007896730000000018,5.542846841255953e-35
msf,gradcam,average_drop,309,10.91655,1.1505805120226705e-38
msf,gradcam,fres,309,0.04039788246154785,3.3474978091144823e-45
msf,gradcam,frcr,309,0.15275902488014892,1.200250968821674e-44
msf,gradcam,face_energy,309,0.007937848567962869,2.051417863676245e-52
msf_notta,gradcam,deletion_auc,309,-0.0057420859999999935,2.0982779891251792e-16
msf_notta,gradcam,insertion_auc,309,0.008553649999999968,3.113803030917694e-42
msf_notta,gradcam,average_drop,309,12.643640000000005,3.1909967304738557e-38
msf_notta,gradcam,fres,309,0.04234123229980469,9.42107998334043e-45
msf_notta,gradcam,frcr,309,0.15118255212627796,3.4467796533443815e-44
msf_notta,gradcam,face_energy,309,0.007940888404846413,2.0514299615174125e-52
scorecam,gradcam,deletion_auc,309,-0.0018599699999999886,2.5060981245827803e-06
scorecam,gradcam,insertion_auc,309,0.002074869999999951,2.371204558094074e-17
scorecam,gradcam,average_drop,309,-3.892655999999999,2.2941130569276396e-34
scorecam,gradcam,fres,309,0.0029320418834686834,0.045371136311574835
scorecam,gradcam,frcr,309,0.011906666617280237,0.034531809932136295
scorecam,gradcam,face_energy,309,-0.005730867385864369,7.129008338105781e-32
xgradcam,gradcam,deletion_auc,309,0.000745539999999989,0.0017302112138932793
xgradcam,gradcam,insertion_auc,309,-0.0004742000000000912,5.183971834447794e-07
xgradcam,gradcam,average_drop,309,1.0954739999999958,1.8800754211549864e-37
xgradcam,gradcam,fres,309,-0.005441993474960327,1.6479085852075308e-36
xgradcam,gradcam,frcr,309,-0.020858402302522894,7.075538792650728e-32
xgradcam,gradcam,face_energy,309,-0.00016409158706642835,0.24009034554752917
